<?xml version="1.0" encoding="UTF-8"?>
<project-private xmlns="http://www.netbeans.org/ns/project-private/1">
    <editor-bookmarks xmlns="http://www.netbeans.org/ns/editor-bookmarks/2" lastBookmarkId="0"/>
    <open-files xmlns="http://www.netbeans.org/ns/projectui-open-files/2">
        <group>
            <file>file:/home/alumno/Escritorio/PracticaJava06RMS/src/Controlador/AlquiPeliDB.java</file>
            <file>file:/home/alumno/Escritorio/PracticaJava06RMS/src/Controlador/ArchivoError.java</file>
            <file>file:/home/alumno/Escritorio/PracticaJava06RMS/src/Controlador/PeliculaAvReDB.java</file>
            <file>file:/home/alumno/Escritorio/PracticaJava06RMS/src/Vista/NuevoAlquiler.java</file>
            <file>file:/home/alumno/Escritorio/PracticaJava06RMS/src/Controlador/AlquilerAvReDB.java</file>
            <file>file:/home/alumno/Escritorio/PracticaJava06RMS/src/Vista/ClienteVista.java</file>
            <file>file:/home/alumno/Escritorio/PracticaJava06RMS/src/Controlador/ErrorEs.java</file>
            <file>file:/home/alumno/Escritorio/PracticaJava06RMS/src/Modelo/Cliente.java</file>
            <file>file:/home/alumno/Escritorio/PracticaJava06RMS/src/Vista/NuevaFactura.java</file>
            <file>file:/home/alumno/Escritorio/PracticaJava06RMS/src/Modelo/AlquiPeli.java</file>
            <file>file:/home/alumno/Escritorio/PracticaJava06RMS/src/Vista/ConexionVista.java</file>
            <file>file:/home/alumno/Escritorio/PracticaJava06RMS/src/Controlador/AlquilerDB.java</file>
            <file>file:/home/alumno/Escritorio/PracticaJava06RMS/src/Modelo/Pelicula.java</file>
            <file>file:/home/alumno/Escritorio/PracticaJava06RMS/src/Vista/AlquilerPeliVista.java</file>
            <file>file:/home/alumno/Escritorio/PracticaJava06RMS/src/Vista/AcercaDe.java</file>
            <file>file:/home/alumno/Escritorio/PracticaJava06RMS/src/Controlador/ClienteDB.java</file>
            <file>file:/home/alumno/Escritorio/PracticaJava06RMS/src/Controlador/ConexionDB.java</file>
            <file>file:/home/alumno/Escritorio/PracticaJava06RMS/src/Controlador/PeliculaDB.java</file>
            <file>file:/home/alumno/Escritorio/PracticaJava06RMS/src/Vista/Visual.java</file>
            <file>file:/home/alumno/Escritorio/PracticaJava06RMS/src/Vista/AlquilerDetalle.java</file>
        </group>
    </open-files>
</project-private>
